{
				"播放数组":"class=\"scroll-content\"&&</div",
				"播放列表":"<a&&</a",
				"线路数组": "class=\"module-tab-item tab-item&&/div>",
			"线路标题": "🍁无敌凯少爷🍁+<span>&&</span>+[共+<small>&&</small>+集]",
				"跳转解析":"默认$https://bli.liic.cc/player/?url=",
				 "跳转播放链接": "urlDecode(vod_class*url\":\"&&\")",
				"嗅探词":".m3u8",
				"分类url": "https://www.liic.cc/vodshow/{cateId}-{area}-{by}------{catePg}---{year}.html;;k",
				"分类": "电影$1#连续剧$2#综艺$3#动漫$4#短剧$5",
				"类型": "动作片$6#喜剧片$7#爱情片$8#科幻片$9#剧情片$10#悬疑片$11#惊悚片$12#恐怖片$20#犯罪片$21#冒险片$22#战争片$24#记录片$25#动画电影$26||国产剧$13#港台剧$14#日韩剧$15#欧美剧$16#秦国剧$28#海外剧$29||空||空||空"
			}
