{
    "作者": "乐哥/250202",
    "站名": "樱花动漫",
    "请求头": "User-Agent$MOBILE_UA",
    "编码": "UTF-8",
    "图片代理": "0",
    "直接播放": "0",
    "播放请求头": "",
    "嗅探词": "",
    "过滤词": "",
    "主页url": "https://yinghuadm.fun",
    "首页": "120",
    "起始页": "1",
    "分类url": "https://yinghuadm.fun/vodshow/{cateId}-{area}-{by}-{class}-----{catePg}---{year}.html",
    "分类": "电影$1#剧集$2#综艺$3#动漫$4",
    "数组": "fed-lazy&&</li>",
    "标题": "<a*>&&<",
    "图片": "data-original=\"&&\"",
    "副标题": "center\">&&<",
    "链接": "href=\"&&\"",
    "影片年代": "年份：&&</li>",
    "影片地区": "地区：&&</li",
    "影片类型": "分类：&&</li",
    "状态": "更新：&&</li>",
    "导演": "导演：&&</li>",
    "主演": "主演：&&</li>",
    "简介": "✨乐哥为您介绍剧情👉+简介：&&</li>",
    "线路二次截取": "fed-drop-tops&&</ul>",
    "线路数组": "<a&&/a>",
    "线路标题": "✨乐哥推荐✨+>&&<",
    "播放二次截取": "fed-drop-btms&&<div class=\"fed-tabs-item",
    "播放数组": "<ul class=\"fed-part-rows\"&&</ul>",
    "播放列表": "<a&&/a>",
    "播放标题": "✨+>&&<",
    "播放链接": "href=\"&&\"",
    "搜索请求头": "User-Agent$MOBILE_UA",
    "搜索url": "https://yinghuadm.fun/vodtype/id.html?wd={wd}&page={pg}",
    "搜索模式": "1",
    "筛选": "1",
    "地区": "大陆&香港&台湾&美国&法国&英国&日本&韩国&德国&泰国&印度&意大利&西班牙&加拿大&其他",
    "地区值": "*",
    "语言": "国语&英语&粤语&闽南语&韩语&日语&法语&德语&其它",
    "语言值": "*",
    "排序": "时间&人气&评分",
    "排序值": "time&hits&score"
}